participant,model,choice_only,objective,success,best_start_index,message,log_k_R,log_k_L,log_beta,alpha,delta_L,log_b,log_sigma
2rrjzhgj9,choice_only,True,135.2607404267565,True,6,CONVERGENCE: RELATIVE REDUCTION OF F <= FACTR*EPSMCH,2.4461226807313894,-1.0520801011786962,-1.0125380592691922,,,,
3lmzwis6r,choice_only,True,79.79649503624341,True,0,CONVERGENCE: RELATIVE REDUCTION OF F <= FACTR*EPSMCH,-0.1396939392620737,-0.2514093674471938,1.6074475595406115,,,,
4f8msviwg,choice_only,True,109.6717983784623,True,0,CONVERGENCE: RELATIVE REDUCTION OF F <= FACTR*EPSMCH,-0.29916212838318806,1.1775145446148516,0.46612678675979774,,,,
52b64k0rp,choice_only,True,144.12862579411532,True,19,CONVERGENCE: NORM OF PROJECTED GRADIENT <= PGTOL,1.9434800187502344,2.6657690362999715,-4.60517,,,,
5wlmihb4c,choice_only,True,134.12233715912177,True,12,CONVERGENCE: NORM OF PROJECTED GRADIENT <= PGTOL,4.60517,-1.0123365767779258,-0.581633494668672,,,,
6owg3par9,choice_only,True,126.18151289481557,True,15,CONVERGENCE: RELATIVE REDUCTION OF F <= FACTR*EPSMCH,0.30433906781275466,-0.2895759652871475,1.2640136194376193,,,,
8py7pm5i0,choice_only,True,96.54592441991105,True,15,CONVERGENCE: RELATIVE REDUCTION OF F <= FACTR*EPSMCH,-2.0888805454650115,-0.8956392414493752,-0.9736132855137198,,,,
95vrrzevd,choice_only,True,92.47024334602547,True,4,CONVERGENCE: RELATIVE REDUCTION OF F <= FACTR*EPSMCH,-2.093136321328477,3.0374169489374028,0.0542150147355654,,,,
bh348lli7,choice_only,True,142.84583292084872,True,3,CONVERGENCE: RELATIVE REDUCTION OF F <= FACTR*EPSMCH,4.60517,0.21416867250081664,-3.852659536964093,,,,
c0ry57ax9,choice_only,True,140.35687293472515,True,0,CONVERGENCE: RELATIVE REDUCTION OF F <= FACTR*EPSMCH,4.60517,-2.366809669123496,-4.112826383348213,,,,
ck5f3lx8c,choice_only,True,106.4422377524482,True,3,CONVERGENCE: RELATIVE REDUCTION OF F <= FACTR*EPSMCH,0.1304632382844093,-0.4050681468060249,0.793676350388953,,,,
ctdyczfpw,choice_only,True,63.75442492916543,True,13,CONVERGENCE: RELATIVE REDUCTION OF F <= FACTR*EPSMCH,-0.1371734650152077,0.6115456219343938,1.7882393385222146,,,,
dasemqdsv,choice_only,True,125.98156345999445,True,18,CONVERGENCE: RELATIVE REDUCTION OF F <= FACTR*EPSMCH,1.1084161698091388,-0.8983293927926228,-0.4353646548171881,,,,
derouhkrw,choice_only,True,113.45637682050209,True,9,CONVERGENCE: RELATIVE REDUCTION OF F <= FACTR*EPSMCH,0.2939454887777707,-2.8578164583564716,0.4521262686401443,,,,
dm8t9csqy,choice_only,True,98.24215936765127,True,2,CONVERGENCE: RELATIVE REDUCTION OF F <= FACTR*EPSMCH,3.0544573528862977,-1.4129377361105742,1.1720684320823949,,,,
eqi6zanpf,choice_only,True,49.49965268140004,True,13,CONVERGENCE: NORM OF PROJECTED GRADIENT <= PGTOL,-0.6440310934371375,1.4089065046470044,1.3816783493910136,,,,
etxmnk1pg,choice_only,True,114.82518721886906,True,9,CONVERGENCE: RELATIVE REDUCTION OF F <= FACTR*EPSMCH,1.4604939165248392,-1.8902712531003887,0.043835352589672555,,,,
goz8d3fp9,choice_only,True,94.16284422968131,True,2,CONVERGENCE: RELATIVE REDUCTION OF F <= FACTR*EPSMCH,0.9835100587586675,-1.300933724694562,0.7544889334690122,,,,
hrqn8w6vu,choice_only,True,95.72907645450744,True,8,CONVERGENCE: RELATIVE REDUCTION OF F <= FACTR*EPSMCH,1.624450064229111,2.57373484974571,0.38082814253674324,,,,
ig1j8ozi9,choice_only,True,113.20429612401554,True,17,CONVERGENCE: RELATIVE REDUCTION OF F <= FACTR*EPSMCH,3.635384473760461,0.39817217401011995,0.004500766509941643,,,,
iogaivfgt,choice_only,True,83.69466392002278,True,17,CONVERGENCE: RELATIVE REDUCTION OF F <= FACTR*EPSMCH,0.11142661560070499,-1.1433910888395407,0.48941621321690404,,,,
ir0t9ca41,choice_only,True,116.79704965434074,True,19,CONVERGENCE: RELATIVE REDUCTION OF F <= FACTR*EPSMCH,0.3592028979861532,-0.6930976899074286,0.014031535393041823,,,,
jtf46arcd,choice_only,True,93.5634156989221,True,3,CONVERGENCE: RELATIVE REDUCTION OF F <= FACTR*EPSMCH,3.466230502243248,-2.1537840411523375,0.3819330931278009,,,,
kimjztxjq,choice_only,True,98.86010040729879,True,2,CONVERGENCE: NORM OF PROJECTED GRADIENT <= PGTOL,1.601359126770536,-0.21526536585800446,0.44099177726351974,,,,
kqi5vqk0e,choice_only,True,64.01186441565814,True,3,CONVERGENCE: RELATIVE REDUCTION OF F <= FACTR*EPSMCH,4.60517,-0.6869745281652009,1.4202316683636562,,,,
ljm2sl8s0,choice_only,True,70.53633676307061,True,1,CONVERGENCE: RELATIVE REDUCTION OF F <= FACTR*EPSMCH,-0.04187408837209897,-0.8862437542401356,1.4378482850078498,,,,
mu73zwng6,choice_only,True,110.13566371496304,True,19,CONVERGENCE: RELATIVE REDUCTION OF F <= FACTR*EPSMCH,0.57955940325941,0.7590960199425102,0.042546675599436645,,,,
n08qsd76x,choice_only,True,87.88750424125203,True,11,CONVERGENCE: RELATIVE REDUCTION OF F <= FACTR*EPSMCH,0.3839013827550246,0.14088704973402943,0.6362383451984803,,,,
nvbinkqjq,choice_only,True,101.41097671444722,True,6,CONVERGENCE: NORM OF PROJECTED GRADIENT <= PGTOL,0.6112992100457705,-0.4753484002901556,0.6124734656222226,,,,
o7piq7dwr,choice_only,True,95.01383356355076,True,0,CONVERGENCE: RELATIVE REDUCTION OF F <= FACTR*EPSMCH,4.60517,-2.7840528840111176,-1.1514693484708112,,,,
od96gfdym,choice_only,True,124.37963587086809,True,13,CONVERGENCE: RELATIVE REDUCTION OF F <= FACTR*EPSMCH,3.2990435274665204,-0.8520452875807665,-0.010431393115005313,,,,
omy06qkfz,choice_only,True,150.82480093937045,True,5,CONVERGENCE: RELATIVE REDUCTION OF F <= FACTR*EPSMCH,4.60517,-2.240773664130216,-4.60517,,,,
orxx7nl6z,choice_only,True,97.3886954481447,True,9,CONVERGENCE: RELATIVE REDUCTION OF F <= FACTR*EPSMCH,4.60517,-2.771677841811145,-1.5157255304061192,,,,
p5lejwwzi,choice_only,True,137.20620155168098,True,4,CONVERGENCE: RELATIVE REDUCTION OF F <= FACTR*EPSMCH,-0.7773278939100681,-0.7170519100399888,-3.147496067414513,,,,
qhp782ect,choice_only,True,105.8127560137935,True,12,CONVERGENCE: RELATIVE REDUCTION OF F <= FACTR*EPSMCH,1.211076133173719,3.5091500602714567,0.03734150789304682,,,,
rncbe0zlg,choice_only,True,110.89419974003631,True,10,CONVERGENCE: RELATIVE REDUCTION OF F <= FACTR*EPSMCH,-0.10216893567079982,-0.43918832665595503,1.3413373162103805,,,,
ru26ufirj,choice_only,True,131.1895960166171,True,3,CONVERGENCE: NORM OF PROJECTED GRADIENT <= PGTOL,1.60789268748317,-1.7514298720085628,0.5804568098522064,,,,
rv0b4sx2y,choice_only,True,99.78881084794006,True,5,CONVERGENCE: RELATIVE REDUCTION OF F <= FACTR*EPSMCH,1.7047354130805557,2.1070234016760754,0.0906673560573025,,,,
s4xqtibhr,choice_only,True,138.69429186452632,True,5,CONVERGENCE: RELATIVE REDUCTION OF F <= FACTR*EPSMCH,0.8761600022674902,0.869454878983917,-2.669188021270379,,,,
t0p3bj6ne,choice_only,True,112.68836013634696,True,10,CONVERGENCE: RELATIVE REDUCTION OF F <= FACTR*EPSMCH,-0.6389533220070823,0.040112918104794365,0.8877117274625145,,,,
ta33uq804,choice_only,True,130.1611112953372,True,16,CONVERGENCE: RELATIVE REDUCTION OF F <= FACTR*EPSMCH,1.0040768815100065,-0.4479136058379253,-0.9886663055396617,,,,
u3yyfob1i,choice_only,True,139.7393569575983,True,2,CONVERGENCE: RELATIVE REDUCTION OF F <= FACTR*EPSMCH,1.9641340259910343,4.025092760925653,-1.7480932630170256,,,,
uq15yb622,choice_only,True,80.60426957089646,True,1,CONVERGENCE: RELATIVE REDUCTION OF F <= FACTR*EPSMCH,-0.5020605502284984,0.041420597155384195,0.9713185912098123,,,,
vdnjz8uta,choice_only,True,94.63237726587802,True,5,CONVERGENCE: RELATIVE REDUCTION OF F <= FACTR*EPSMCH,-1.5460307743763486,3.1773902435733508,0.787750192719612,,,,
vr0a0xs4k,choice_only,True,129.3164475585886,True,0,CONVERGENCE: RELATIVE REDUCTION OF F <= FACTR*EPSMCH,4.60517,-2.993748628843747,-2.1428896103401196,,,,
x71tw2ykd,choice_only,True,105.68105436257635,True,1,CONVERGENCE: RELATIVE REDUCTION OF F <= FACTR*EPSMCH,-2.828800619045583,0.1693009245802803,0.2714123614609425,,,,
xh8tt6q04,choice_only,True,92.72619148975002,True,3,CONVERGENCE: RELATIVE REDUCTION OF F <= FACTR*EPSMCH,-0.9579208898032899,-1.7638120627461271,0.9034348774864314,,,,
xq3i744zg,choice_only,True,120.30499398477046,True,0,CONVERGENCE: RELATIVE REDUCTION OF F <= FACTR*EPSMCH,4.236419806509433,2.3439319600071973,-0.6058528785181765,,,,
yj444yij9,choice_only,True,109.81380389273019,True,4,CONVERGENCE: RELATIVE REDUCTION OF F <= FACTR*EPSMCH,2.632792736149066,-1.9214387852565737,-0.06855293283080394,,,,
2rrjzhgj9,M1,False,402.19708056130196,True,11,CONVERGENCE: RELATIVE REDUCTION OF F <= FACTR*EPSMCH,2.109995525639213,-0.7677125815453727,-0.8851134293044972,0.5866951393637984,0.17018796690613103,-3.4623032007759007,-0.7345302265657937
3lmzwis6r,M1,False,359.2145989135144,True,4,CONVERGENCE: RELATIVE REDUCTION OF F <= FACTR*EPSMCH,-0.1525661979868793,-0.2631193029738002,1.58622036350233,0.9153060798301721,0.22749281373448288,-2.965235602052558,-1.0031586578703435
4f8msviwg,M1,False,258.70648939855283,True,13,CONVERGENCE: RELATIVE REDUCTION OF F <= FACTR*EPSMCH,-0.31342334330116234,1.1263374786147384,0.4651374504189352,0.6449458052103586,0.1743632777160231,-4.0800297465468,-1.3971470149408796
52b64k0rp,M1,False,401.5957787761269,True,3,CONVERGENCE: RELATIVE REDUCTION OF F <= FACTR*EPSMCH,2.966080937225717,4.60517,-3.6600915777296708,0.8490408449056488,-0.38619918647779805,-3.5749143778089865,-0.7718631901838745
5wlmihb4c,M1,False,317.5787754692055,True,19,CONVERGENCE: RELATIVE REDUCTION OF F <= FACTR*EPSMCH,4.60517,-0.8834094632827891,-0.5330508824192152,0.48605295344555854,0.21171442619015157,-4.795016678804585,-1.093173243232454
6owg3par9,M1,False,395.3377554739753,True,14,CONVERGENCE: RELATIVE REDUCTION OF F <= FACTR*EPSMCH,0.2982408970859033,-0.2782189522944105,1.2790510209214836,0.7454347937592847,-0.008746305654992598,-2.7628272481940126,-0.7967778120426401
8py7pm5i0,M1,False,252.78854556284242,True,1,CONVERGENCE: RELATIVE REDUCTION OF F <= FACTR*EPSMCH,-2.0526045768290113,-0.8475791139227912,-0.958946228587272,0.2475543359153693,0.07896155554330354,-4.245050666106492,-0.8559627144870918
95vrrzevd,M1,False,249.72438179792601,True,18,CONVERGENCE: RELATIVE REDUCTION OF F <= FACTR*EPSMCH,-1.8773557463314512,3.0236814780648587,0.07380338173906527,0.6055870649082544,0.012245815867420672,-3.7425097422468028,-1.1854308872120114
bh348lli7,M1,False,65.58830660225213,True,11,CONVERGENCE: RELATIVE REDUCTION OF F <= FACTR*EPSMCH,4.60517,0.03696917030170672,-3.856706897433372,-1.0059629498256866,0.08069511451256045,-4.187278016171225,-0.7862471402973098
c0ry57ax9,M1,False,216.39698545846048,True,10,CONVERGENCE: RELATIVE REDUCTION OF F <= FACTR*EPSMCH,4.60517,-2.21164998293648,-4.120950365228224,0.16741353508750453,-0.21568804932741384,-5.905347285893242,-1.0674861783216687
ck5f3lx8c,M1,False,331.61887533308936,True,1,CONVERGENCE: RELATIVE REDUCTION OF F <= FACTR*EPSMCH,0.06249155021463165,-0.3806941369103253,0.7558653262640268,0.8533231459996354,0.13732060052026507,-2.7122637975658015,-1.1760476194283576
ctdyczfpw,M1,False,247.1258235611877,True,13,CONVERGENCE: RELATIVE REDUCTION OF F <= FACTR*EPSMCH,-0.14716649477099908,0.7051279829072195,1.7633683669912117,0.6832651029129629,-0.07202026504528099,-2.7656468818794138,-1.1131694422522886
dasemqdsv,M1,False,337.87908264049616,False,16,CONVERGENCE: RELATIVE REDUCTION OF F <= FACTR*EPSMCH,1.0785945004057784,-0.717553912945707,-0.43579705179192296,0.5632938964773488,-0.022515083046126053,-3.7315203465446753,-0.8725848614519458
derouhkrw,M1,False,306.3071544414762,True,13,CONVERGENCE: RELATIVE REDUCTION OF F <= FACTR*EPSMCH,0.2772883721452021,-2.645557862959274,0.4613839109273898,0.6251424337889149,-0.02697633686099474,-4.064576031377788,-1.0527910245063947
dm8t9csqy,M1,False,291.12672146204784,True,12,CONVERGENCE: RELATIVE REDUCTION OF F <= FACTR*EPSMCH,3.041879907909658,-1.4079438607974055,1.1791512648371887,0.7418616151893727,-0.21947023142431316,-2.9270398345209685,-1.0622012420598388
eqi6zanpf,M1,False,245.2083670340289,True,9,CONVERGENCE: RELATIVE REDUCTION OF F <= FACTR*EPSMCH,-0.4701496063887718,1.4454887968662993,1.3986014162712503,0.7381305293500745,-0.01444443669599299,-3.336756007369796,-1.1038895045437267
etxmnk1pg,M1,False,403.91402186716584,True,17,CONVERGENCE: RELATIVE REDUCTION OF F <= FACTR*EPSMCH,1.450592549363893,-1.7631861353120424,0.05661483221367781,0.8927849070000529,0.2203734554824101,-3.890218896996643,-0.9609488075387548
goz8d3fp9,M1,False,347.3736549913166,True,5,CONVERGENCE: RELATIVE REDUCTION OF F <= FACTR*EPSMCH,0.9515806898282618,-1.273356904420153,0.741470102443991,0.8860673108528656,-0.16123661274588766,-3.1533937914476264,-0.9178378249065497
hrqn8w6vu,M1,False,351.3373545751357,True,13,CONVERGENCE: RELATIVE REDUCTION OF F <= FACTR*EPSMCH,1.6616834573822066,2.605074645230966,0.40204970491219344,0.624937787279234,0.1848134083846745,-4.026771424418556,-0.8369683244538415
ig1j8ozi9,M1,False,373.86607408144977,True,10,CONVERGENCE: RELATIVE REDUCTION OF F <= FACTR*EPSMCH,3.739292980958778,0.4539152214354763,0.00042007160798078784,0.7564772754661712,0.15153343290343266,-3.006074750131806,-0.890195035294039
iogaivfgt,M1,False,378.9390349323534,True,8,CONVERGENCE: RELATIVE REDUCTION OF F <= FACTR*EPSMCH,0.17519207509970985,-1.1467702844881476,0.5034032023290974,1.0131362858571118,0.3141763097121906,-3.119136321647282,-1.0536960736998993
ir0t9ca41,M1,False,335.23563323187494,True,9,CONVERGENCE: RELATIVE REDUCTION OF F <= FACTR*EPSMCH,0.23634704181357263,-1.2347007872261093,-0.17874947440573727,0.3270345549013304,0.2734445513404427,-2.555194878188481,-0.7182693382424838
jtf46arcd,M1,False,361.87295072003434,True,17,CONVERGENCE: RELATIVE REDUCTION OF F <= FACTR*EPSMCH,3.519030140455986,-2.2220890438213523,0.3782710910072208,0.4564613656901746,0.515892177942412,-4.229928679963811,-0.7715698796290745
kimjztxjq,M1,False,428.39008038085416,True,5,CONVERGENCE: RELATIVE REDUCTION OF F <= FACTR*EPSMCH,1.6017372732396624,-0.1773079773118317,0.45499346740636915,1.1411495209314282,0.10212213348707713,-3.3090607864742894,-0.9221228823334101
kqi5vqk0e,M1,False,214.26660799294464,True,4,CONVERGENCE: RELATIVE REDUCTION OF F <= FACTR*EPSMCH,4.60517,-0.6679620200164539,1.4189777246325272,-0.23414439861187467,0.604562868143144,-3.4965888766502937,-0.7115500301074293
ljm2sl8s0,M1,False,296.7455279368684,True,2,CONVERGENCE: RELATIVE REDUCTION OF F <= FACTR*EPSMCH,-0.013840883760067466,-0.8781362476850072,1.4540886768051577,0.7970277074760169,-0.030202969399522328,-3.1437314294378065,-1.0371243813599118
mu73zwng6,M1,False,354.88996764859735,True,4,CONVERGENCE: RELATIVE REDUCTION OF F <= FACTR*EPSMCH,0.6077288427593318,0.6375946111359898,0.04162153188191473,0.5506192550080091,0.15852005784478723,-3.0673305340043133,-0.7684720540135064
n08qsd76x,M1,False,319.36312793652894,True,2,CONVERGENCE: RELATIVE REDUCTION OF F <= FACTR*EPSMCH,0.27939299941319906,0.15295669680505636,0.6139126522206071,0.677711194638513,0.2145419506608727,-2.813539478045639,-0.9793242399520008
nvbinkqjq,M1,False,346.4252407017063,False,4,CONVERGENCE: RELATIVE REDUCTION OF F <= FACTR*EPSMCH,0.5098570191406134,-0.4392804610474744,0.5934809865865741,0.78193088159421,0.06270104729512202,-3.207360875378528,-0.9702549020476068
o7piq7dwr,M1,False,187.19894120846,True,5,CONVERGENCE: RELATIVE REDUCTION OF F <= FACTR*EPSMCH,4.60517,-2.502022997877587,-1.1326133780439849,-0.016605805809959,0.3717188169374797,-5.162926662397107,-1.0880338478490466
od96gfdym,M1,False,354.63365687860227,False,9,CONVERGENCE: RELATIVE REDUCTION OF F <= FACTR*EPSMCH,3.2163093339856905,-0.8283388172949101,0.010575815394569107,0.6297072748644491,-0.07155625696930332,-3.59103010085741,-0.8440050289419693
omy06qkfz,M1,False,115.2851519294707,True,1,CONVERGENCE: RELATIVE REDUCTION OF F <= FACTR*EPSMCH,4.60517,-2.3263540403805996,-4.60517,-0.5688834946888471,0.163280987412904,-5.272699380811299,-1.063411334032824
orxx7nl6z,M1,False,145.0000384722103,True,1,CONVERGENCE: RELATIVE REDUCTION OF F <= FACTR*EPSMCH,4.60517,-2.7594479682078186,-1.5154279968565543,-0.5530326260175784,0.3031711749027697,-5.5513759791312305,-0.7630678116755318
p5lejwwzi,M1,False,266.90683177805323,False,13,CONVERGENCE: RELATIVE REDUCTION OF F <= FACTR*EPSMCH,0.09662244222301768,0.6099627651278293,-3.0064003980596983,0.11525733781914835,-0.32920357262914807,-4.306600179182793,-0.6785671713387
qhp782ect,M1,False,341.2437968988392,True,10,CONVERGENCE: RELATIVE REDUCTION OF F <= FACTR*EPSMCH,1.1918044101126322,3.523025154652398,0.029032753861060873,0.5216981218299731,0.36468033762604374,-3.5712928081771884,-0.9125885374270997
rncbe0zlg,M1,False,317.64699357263925,True,6,CONVERGENCE: RELATIVE REDUCTION OF F <= FACTR*EPSMCH,-0.06939237828715994,-0.4659806413050787,1.3211478325548185,0.6216903708934708,0.14395267829877942,-2.3526485470389944,-1.0517457187075976
ru26ufirj,M1,False,436.1443871530112,False,6,CONVERGENCE: RELATIVE REDUCTION OF F <= FACTR*EPSMCH,1.6088535529746097,-1.7417001471660651,0.5801867341173351,0.11844270503726709,0.14978486179137138,-2.375979934002549,-0.06658905006091463
rv0b4sx2y,M1,False,218.83187729243855,True,14,CONVERGENCE: RELATIVE REDUCTION OF F <= FACTR*EPSMCH,1.7306252336779346,2.1532740755773276,0.09969629614676917,0.28254301887941347,-0.2164609160555992,-4.822966831444906,-0.9911889591509482
s4xqtibhr,M1,False,170.30096424853846,True,15,CONVERGENCE: RELATIVE REDUCTION OF F <= FACTR*EPSMCH,0.4364517847994111,0.5292891496803872,-2.8590962848437025,-0.635983038928228,-0.2821589515418165,-3.479593464970977,-0.4091655143818717
t0p3bj6ne,M1,False,422.18420465639167,True,2,CONVERGENCE: RELATIVE REDUCTION OF F <= FACTR*EPSMCH,-3.4144992568196564,-2.0696942533109426,-0.7670429710222176,0.8810361250916195,-0.08985315074375322,-3.1396940388242,-0.6171960591163844
ta33uq804,M1,False,483.816192957343,True,9,CONVERGENCE: RELATIVE REDUCTION OF F <= FACTR*EPSMCH,1.166783555471262,-0.48313733908542905,-0.8892559823894942,0.5910614957598819,0.1798823114184909,-3.413988406729541,-0.2913803258736577
u3yyfob1i,M1,False,247.50998649330487,True,9,CONVERGENCE: RELATIVE REDUCTION OF F <= FACTR*EPSMCH,2.321133338098514,3.611643696938719,-2.071128212206081,0.36325109715412757,-0.026784375428942145,-3.863422782705742,-1.2028108398117183
uq15yb622,M1,False,378.43908193922533,True,18,CONVERGENCE: RELATIVE REDUCTION OF F <= FACTR*EPSMCH,-0.5026743324527879,0.04304936043289753,0.9717545092419171,1.095573190418318,0.07125349487318726,-3.1431753922244,-1.0155348382936338
vdnjz8uta,M1,False,344.21987307584163,True,6,CONVERGENCE: RELATIVE REDUCTION OF F <= FACTR*EPSMCH,-1.8253875455563524,3.2991042066234697,0.7195092427413149,1.0584489935486225,-0.32914600881382566,-2.9970633133871067,-1.0233856352314112
vr0a0xs4k,M1,False,203.7827098899062,True,7,CONVERGENCE: RELATIVE REDUCTION OF F <= FACTR*EPSMCH,4.60517,-2.3838691593772636,-2.1001208429008376,-0.042260894315349906,0.17649087930189797,-4.82270451734082,-1.0603993965578657
x71tw2ykd,M1,False,356.47251717401156,True,13,CONVERGENCE: RELATIVE REDUCTION OF F <= FACTR*EPSMCH,-2.5869889250171507,0.16826267694324465,0.29679911684879057,0.5038581840052861,0.5357777318234469,-3.9445277880487977,-0.906361563549613
xh8tt6q04,M1,False,261.59260187633777,True,3,CONVERGENCE: RELATIVE REDUCTION OF F <= FACTR*EPSMCH,-0.9622483049176479,-1.7312685335935374,0.9061001447914272,0.48838992733020453,0.32990963965766384,-3.773483215033417,-1.2119837416801016
xq3i744zg,M1,False,319.10399786557974,True,1,CONVERGENCE: RELATIVE REDUCTION OF F <= FACTR*EPSMCH,4.115813583726788,2.360454978697657,-0.5972683464374,0.1812822180542344,0.1252191791724403,-3.618020183255119,-0.6278722029647344
yj444yij9,M1,False,329.11970401857974,True,13,CONVERGENCE: RELATIVE REDUCTION OF F <= FACTR*EPSMCH,2.5963628718964933,-1.901083092861602,-0.0691346562123558,0.6503744203831043,-0.08542766678209301,-3.8743729058288667,-0.9021249081983479
2rrjzhgj9,M2,False,401.78420672125907,True,15,CONVERGENCE: RELATIVE REDUCTION OF F <= FACTR*EPSMCH,2.379041496252339,-0.7526293312838339,-0.8626934347654304,0.5687754889005625,0.1706139606329412,-5.266246225286557,-0.7350481881148139
3lmzwis6r,M2,False,359.13976425864547,True,3,CONVERGENCE: RELATIVE REDUCTION OF F <= FACTR*EPSMCH,-0.14890483734870547,-0.25556008993113727,1.5986778096079448,0.8760112524401175,0.25744570779518605,-4.846899847363665,-1.0031798914775325
4f8msviwg,M2,False,257.79800463650236,True,17,CONVERGENCE: RELATIVE REDUCTION OF F <= FACTR*EPSMCH,-0.30236821956161153,1.1277925172291487,0.4674276255031545,0.637155683239153,0.1746992127472787,-5.414198888512425,-1.3989958846100294
52b64k0rp,M2,False,401.3661919397921,True,16,CONVERGENCE: RELATIVE REDUCTION OF F <= FACTR*EPSMCH,2.6581531962912983,4.60517,-3.8112146713181483,0.8386843853753797,-0.39704227698722366,-5.628265415159357,-0.7720727086120297
5wlmihb4c,M2,False,316.24483012064366,True,8,CONVERGENCE: RELATIVE REDUCTION OF F <= FACTR*EPSMCH,4.60517,-0.8683358494569838,-0.5281390434439962,0.4813733375009893,0.21328181054272757,-6.139655427977011,-1.0955235504875211
6owg3par9,M2,False,395.18657266131936,True,10,CONVERGENCE: RELATIVE REDUCTION OF F <= FACTR*EPSMCH,0.30416973354403526,-0.2899888621994877,1.263579542445611,0.7361526575070937,-0.010483138573952427,-4.858716630524693,-0.7973702247975298
8py7pm5i0,M2,False,254.75305437210616,True,2,CONVERGENCE: RELATIVE REDUCTION OF F <= FACTR*EPSMCH,-1.4333746600644859,-0.518361033505672,-0.7983262698107298,0.2100342321391353,0.08548763243462665,-6.958062343640963,-0.8493880115728245
95vrrzevd,M2,False,252.96582363410425,True,13,CONVERGENCE: RELATIVE REDUCTION OF F <= FACTR*EPSMCH,-1.2399701038310065,2.9492588645103215,0.15680705731052036,0.5580098289016607,0.04119341655017322,-6.023508413748802,-1.1711361391936743
bh348lli7,M2,False,66.9917643350761,True,3,CONVERGENCE: RELATIVE REDUCTION OF F <= FACTR*EPSMCH,4.60517,0.19719655192243904,-3.853042307625147,-1.0563423081222982,0.12442092122789233,-7.288098040172745,-0.782768966796292
c0ry57ax9,M2,False,220.53593662134207,True,0,CONVERGENCE: RELATIVE REDUCTION OF F <= FACTR*EPSMCH,4.60517,-2.3295095353690227,-4.114724063646032,0.15691490241838846,-0.2188364288882549,-10.157995311610518,-1.0645402849762025
ck5f3lx8c,M2,False,331.31595235261324,True,5,CONVERGENCE: RELATIVE REDUCTION OF F <= FACTR*EPSMCH,0.014523189480166995,-0.4644737514172587,0.6810069256260182,0.830672865360758,0.14232411749385138,-3.8618774276027343,-1.1786536424525023
ctdyczfpw,M2,False,247.91884394418508,True,12,CONVERGENCE: RELATIVE REDUCTION OF F <= FACTR*EPSMCH,-0.1372191279647098,0.6310197854419315,1.7837226490607765,0.6535784772728238,-0.07616517032774121,-5.0439269028964535,-1.109006271946512
dasemqdsv,M2,False,337.1395432638769,True,13,CONVERGENCE: RELATIVE REDUCTION OF F <= FACTR*EPSMCH,1.0811595875856166,-0.8087863756298704,-0.4439252338728272,0.5487073563587777,-0.016346876570202475,-5.198248638082058,-0.8743929206024245
derouhkrw,M2,False,306.3205030989242,True,8,CONVERGENCE: RELATIVE REDUCTION OF F <= FACTR*EPSMCH,0.30419404331624456,-2.400727695062975,0.5067430915020917,0.6206129109954048,-0.03594066569124517,-6.226891036068571,-1.0522858628872855
dm8t9csqy,M2,False,291.1401016377799,True,12,CONVERGENCE: RELATIVE REDUCTION OF F <= FACTR*EPSMCH,3.056003983892867,-1.4108399169483343,1.1722450857802653,0.7141227757403265,-0.20600111452246536,-4.839583116031185,-1.0618301060796094
eqi6zanpf,M2,False,247.64438834121623,True,2,CONVERGENCE: RELATIVE REDUCTION OF F <= FACTR*EPSMCH,-0.43546366800184566,1.3715835343661351,1.4186318864075076,0.6791987894297986,0.02012409060480978,-5.989528238678632,-1.0923749816162613
etxmnk1pg,M2,False,403.1889908761115,True,1,CONVERGENCE: RELATIVE REDUCTION OF F <= FACTR*EPSMCH,1.467046133194829,-1.781486375031405,0.06283843602248754,0.8786725301372116,0.22670493486823082,-5.406190387394896,-0.9624427238277335
goz8d3fp9,M2,False,346.1780043995054,True,5,CONVERGENCE: RELATIVE REDUCTION OF F <= FACTR*EPSMCH,0.8493148003602043,-1.4302574564260195,0.6091244642787974,0.8774960594125664,-0.16330953071202708,-4.318509467290699,-0.9239410309755026
hrqn8w6vu,M2,False,350.4707890343771,True,8,CONVERGENCE: RELATIVE REDUCTION OF F <= FACTR*EPSMCH,1.6607746323818888,2.5953425828175787,0.3988816896992277,0.6138417613741309,0.18537665208046986,-5.473873732099036,-0.838848971710299
ig1j8ozi9,M2,False,374.63060909171605,True,8,CONVERGENCE: RELATIVE REDUCTION OF F <= FACTR*EPSMCH,3.649107016066666,0.4398329449800884,0.019470831444039955,0.7342255826620081,0.12588248169631194,-5.101023337076649,-0.8855847892008668
iogaivfgt,M2,False,379.7184357253077,True,14,CONVERGENCE: RELATIVE REDUCTION OF F <= FACTR*EPSMCH,0.12814921907602547,-1.0623256958885503,0.5130911062295347,0.9804290836072032,0.31323595893208533,-4.980006732573065,-1.0492380745082401
ir0t9ca41,M2,False,332.14003666524667,True,10,CONVERGENCE: RELATIVE REDUCTION OF F <= FACTR*EPSMCH,0.2664530728782866,-1.4171714269322213,-0.24786723801957214,0.2872528575386834,0.29121774084123336,-4.184384481858974,-0.737822684544888
jtf46arcd,M2,False,362.5325795437793,True,17,CONVERGENCE: RELATIVE REDUCTION OF F <= FACTR*EPSMCH,3.630526822303042,-2.2249127007621943,0.38762824303662335,0.44083511852718515,0.5174665560293816,-6.908610957114754,-0.7700333445595606
kimjztxjq,M2,False,427.95035194148323,True,10,CONVERGENCE: RELATIVE REDUCTION OF F <= FACTR*EPSMCH,1.5996161197737226,-0.17873286577824127,0.45373603856443506,1.121300686897486,0.10178847515566991,-4.860338295671495,-0.9234193275623486
kqi5vqk0e,M2,False,214.0571379857166,True,6,CONVERGENCE: RELATIVE REDUCTION OF F <= FACTR*EPSMCH,4.60517,-0.6639067456833948,1.4186452463028607,-0.25334841188137713,0.6024144928582478,-5.386436560780765,-0.7117386446592833
ljm2sl8s0,M2,False,296.41730102527106,True,13,CONVERGENCE: RELATIVE REDUCTION OF F <= FACTR*EPSMCH,-0.04087790526395691,-0.9159844331628838,1.4264003989455971,0.7773026033392882,-0.026083152690645203,-4.4956158734350105,-1.0383706545916578
mu73zwng6,M2,False,355.47724283659676,True,2,CONVERGENCE: RELATIVE REDUCTION OF F <= FACTR*EPSMCH,0.6452067273863156,0.7449512796382451,0.06979574956705699,0.5046791812145205,0.18500238212414463,-5.125390153143181,-0.7648059184349987
n08qsd76x,M2,False,318.8347082841994,True,4,CONVERGENCE: RELATIVE REDUCTION OF F <= FACTR*EPSMCH,0.26990040994935655,0.1869526719423888,0.6236290961157815,0.653382200754757,0.21028697599226712,-4.081387054483462,-0.9829057125392799
nvbinkqjq,M2,False,344.92775677454534,True,18,CONVERGENCE: RELATIVE REDUCTION OF F <= FACTR*EPSMCH,0.4911869691632141,-0.474100455307597,0.5769492503822723,0.7694180600587195,0.06432049869398503,-4.615183600633764,-0.9772165734678543
o7piq7dwr,M2,False,189.68450930766704,True,14,CONVERGENCE: RELATIVE REDUCTION OF F <= FACTR*EPSMCH,4.60517,-2.6787198027852424,-1.1447625018338037,-0.03838795975848142,0.3818423388565887,-8.855930812026834,-1.0849206649750702
od96gfdym,M2,False,353.99336269728593,True,19,CONVERGENCE: RELATIVE REDUCTION OF F <= FACTR*EPSMCH,3.2752427854231985,-0.8552399037075297,-0.007463745000298654,0.6152566428907886,-0.06953076867657637,-5.07179534105352,-0.8456082629827074
omy06qkfz,M2,False,118.92280074966925,True,15,CONVERGENCE: RELATIVE REDUCTION OF F <= FACTR*EPSMCH,4.60517,-2.73206037810914,-4.60517,-0.5942650243788977,0.17537047386168456,-9.224264145538008,-1.057821899778712
orxx7nl6z,M2,False,146.616156174315,True,11,CONVERGENCE: RELATIVE REDUCTION OF F <= FACTR*EPSMCH,4.60517,-2.639212962607872,-1.5123344629909101,-0.5654901142369244,0.30777580088629736,-8.802357378286592,-0.7615460441279708
p5lejwwzi,M2,False,266.4961397857921,True,4,CONVERGENCE: RELATIVE REDUCTION OF F <= FACTR*EPSMCH,0.6280540821881505,-0.1895151878188741,-2.9184032329923464,0.09708306433383392,-0.32426539695106527,-7.310183210455241,-0.6838966217282297
qhp782ect,M2,False,341.314652841923,True,7,CONVERGENCE: RELATIVE REDUCTION OF F <= FACTR*EPSMCH,1.2383370281436574,3.5035787231114233,0.04844673009494269,0.49330588686809573,0.371118656948701,-5.608910656394273,-0.9114743282625337
rncbe0zlg,M2,False,317.9419481574151,True,19,CONVERGENCE: RELATIVE REDUCTION OF F <= FACTR*EPSMCH,-0.1012663804036052,-0.44473038159878514,1.3375336490831873,0.6005213581417662,0.13562695267819286,-4.702216444430152,-1.04988475776375
ru26ufirj,M2,False,436.2028979718463,True,17,CONVERGENCE: RELATIVE REDUCTION OF F <= FACTR*EPSMCH,1.6071929073181779,-1.7505015532995833,0.5790815933709418,0.08948770030662223,0.1621896901150427,-4.839011984721127,-0.06638833209858148
rv0b4sx2y,M2,False,218.94686388923756,True,17,CONVERGENCE: RELATIVE REDUCTION OF F <= FACTR*EPSMCH,1.6774572538079155,2.1950115199694027,0.11324411679682397,0.2771079508607395,-0.2217753712353323,-7.248281976968923,-0.9907714284342904
s4xqtibhr,M2,False,171.22144120074077,True,18,CONVERGENCE: RELATIVE REDUCTION OF F <= FACTR*EPSMCH,0.8545457188755861,-0.10643684614159779,-2.8851158142962254,-0.6876887420472099,-0.25267023035451625,-6.1910037190928,-0.406591838927115
t0p3bj6ne,M2,False,421.7901301053952,True,2,CONVERGENCE: RELATIVE REDUCTION OF F <= FACTR*EPSMCH,-3.051258969578942,-1.5247459015299667,-0.6006013316968566,0.8545754249569363,-0.11937224314907059,-5.158368986580463,-0.6175645506433158
ta33uq804,M2,False,483.61144270184747,True,19,CONVERGENCE: RELATIVE REDUCTION OF F <= FACTR*EPSMCH,1.1498400507051767,-0.423035721011952,-0.8843705633489948,0.5633048936136736,0.18351391309981552,-5.438671795649626,-0.2915069049028495
u3yyfob1i,M2,False,246.94424744376735,True,3,CONVERGENCE: RELATIVE REDUCTION OF F <= FACTR*EPSMCH,2.078200517443854,3.8106358220363616,-1.8824499969057122,0.34923153997535844,-0.035671325106373546,-5.707588215563127,-1.202231543023663
uq15yb622,M2,False,378.0694297525626,True,11,CONVERGENCE: RELATIVE REDUCTION OF F <= FACTR*EPSMCH,-0.48003109546738415,0.05582732716035537,0.9822258064837142,1.0703440271463793,0.07467693897179117,-4.872408586842963,-1.0168042742420882
vdnjz8uta,M2,False,343.1539819936902,True,6,CONVERGENCE: RELATIVE REDUCTION OF F <= FACTR*EPSMCH,-1.8983489944026366,3.3581156410222444,0.7028103721918696,1.0473985865511348,-0.3458799347431059,-4.311619297276124,-1.028927780310544
vr0a0xs4k,M2,False,206.6336126872118,True,10,CONVERGENCE: RELATIVE REDUCTION OF F <= FACTR*EPSMCH,4.60517,-1.5292714923087147,-2.021118443320523,-0.05846575470940062,0.17013343564241198,-7.7592979507902475,-1.0560227539352642
x71tw2ykd,M2,False,355.8466010896031,True,16,CONVERGENCE: RELATIVE REDUCTION OF F <= FACTR*EPSMCH,-2.5915027648339923,0.19826438036098798,0.3130704055929392,0.49483913731788465,0.5322618590521733,-5.626882077270511,-0.9075557404908499
xh8tt6q04,M2,False,261.00422619204284,True,17,CONVERGENCE: RELATIVE REDUCTION OF F <= FACTR*EPSMCH,-0.94938001905552,-1.752015666497869,0.9052349624219481,0.47757791922453435,0.331956300173236,-5.252681195548682,-1.2130848726195445
xq3i744zg,M2,False,319.6436863810292,True,15,CONVERGENCE: RELATIVE REDUCTION OF F <= FACTR*EPSMCH,4.218200509191367,2.390816218265327,-0.5815082236632568,0.15806612866464032,0.11209237600917606,-6.12494312737944,-0.6254372950370242
yj444yij9,M2,False,328.5909535270535,True,9,CONVERGENCE: RELATIVE REDUCTION OF F <= FACTR*EPSMCH,2.6275832653362454,-1.8528846245798996,-0.05778117420226426,0.6358595064404691,-0.08687206966590545,-6.093111151413251,-0.9041105314646367
2rrjzhgj9,M3,False,402.98824701162016,True,17,CONVERGENCE: RELATIVE REDUCTION OF F <= FACTR*EPSMCH,2.467867074114827,-0.9664491429045685,-0.9676388034344926,0.5757590488884509,0.18346664178835487,-4.043793342569205,-0.7321766820605109
3lmzwis6r,M3,False,361.16533004367454,True,5,CONVERGENCE: RELATIVE REDUCTION OF F <= FACTR*EPSMCH,-0.15980332375543424,-0.256099801344758,1.594701838001838,0.9102651063530087,0.27116566523503016,-3.1515608710646137,-0.994054752423604
4f8msviwg,M3,False,258.3715881491186,True,15,CONVERGENCE: RELATIVE REDUCTION OF F <= FACTR*EPSMCH,-0.2907046494626754,1.1970372921635763,0.46699772713025733,0.658889435930379,0.1653484541674742,-3.7803799039392967,-1.3983516257081154
52b64k0rp,M3,False,402.6960341957311,True,12,CONVERGENCE: RELATIVE REDUCTION OF F <= FACTR*EPSMCH,2.400408457265775,4.60517,-3.945718670403924,0.8521781178220732,-0.4087846394078477,-4.158502331722742,-0.7688761574547378
5wlmihb4c,M3,False,317.63420150185937,True,17,CONVERGENCE: RELATIVE REDUCTION OF F <= FACTR*EPSMCH,4.60517,-0.9374670684680214,-0.5520530457448151,0.48424835653911064,0.22117987612403883,-4.689431357570477,-1.093080512247152
6owg3par9,M3,False,396.62325266314275,True,18,CONVERGENCE: RELATIVE REDUCTION OF F <= FACTR*EPSMCH,0.3049461479381795,-0.28923171227392386,1.264210360601692,0.7537007166692031,-0.009648254437394515,-4.041264523697156,-0.7937335156695057
8py7pm5i0,M3,False,253.16369224951754,True,2,CONVERGENCE: RELATIVE REDUCTION OF F <= FACTR*EPSMCH,-2.2983390290046564,-1.0392280863650936,-1.026461974509915,0.2608619351945342,0.07847767322897403,-3.8030590963365385,-0.8532305613886733
95vrrzevd,M3,False,250.85000984464227,True,18,CONVERGENCE: RELATIVE REDUCTION OF F <= FACTR*EPSMCH,-2.367419328265057,3.0875445258392893,0.03328945180214964,0.6176978407753357,-0.004442597498631302,-3.492717203059474,-1.1796081418177444
bh348lli7,M3,False,65.91610526876727,True,0,CONVERGENCE: RELATIVE REDUCTION OF F <= FACTR*EPSMCH,4.60517,0.37056687974511016,-3.849195007374638,-1.0218015664200746,0.10368098469188823,-3.842074156783035,-0.7841173931505304
c0ry57ax9,M3,False,215.65576772392174,True,4,CONVERGENCE: RELATIVE REDUCTION OF F <= FACTR*EPSMCH,4.60517,-2.245792590296346,-4.119110769485027,0.16693140222705932,-0.21190547383201752,-5.262541519240531,-1.0678149671839157
ck5f3lx8c,M3,False,334.3923655447233,True,0,CONVERGENCE: RELATIVE REDUCTION OF F <= FACTR*EPSMCH,0.09172795271035622,-0.41533799730809073,0.7607303278688485,0.824951986112105,0.16241495184731256,-4.042013046274708,-1.1653497175731358
ctdyczfpw,M3,False,248.81883138405001,True,7,CONVERGENCE: RELATIVE REDUCTION OF F <= FACTR*EPSMCH,-0.13437603070284693,0.5910465681186238,1.7937790636587891,0.6799001470593428,-0.08898352006338528,-3.76568776399361,-1.1070131794535802
dasemqdsv,M3,False,338.415555427081,True,13,CONVERGENCE: RELATIVE REDUCTION OF F <= FACTR*EPSMCH,1.1075482905295488,-0.7393015877681438,-0.4133376619966883,0.5649470044920163,-0.014459628289482008,-3.9991817847143145,-0.8712619464990555
derouhkrw,M3,False,307.23712635004705,True,17,CONVERGENCE: RELATIVE REDUCTION OF F <= FACTR*EPSMCH,0.2881080571803026,-2.877751677616285,0.44681666522228347,0.6355160737639735,-0.03999561231709154,-4.301842354881751,-1.0496620081712942
dm8t9csqy,M3,False,291.7788555407865,True,9,CONVERGENCE: RELATIVE REDUCTION OF F <= FACTR*EPSMCH,3.05034139084815,-1.4096058108496037,1.175051391152895,0.7346763357960737,-0.19289766462876218,-3.5165356230084317,-1.0603986342218248
eqi6zanpf,M3,False,247.50567625268343,True,11,CONVERGENCE: RELATIVE REDUCTION OF F <= FACTR*EPSMCH,-0.8504191292327645,1.4349630679298382,1.3425348385030527,0.7471474979539972,-0.02403017784749633,-3.2724240251161882,-1.0926229128736011
etxmnk1pg,M3,False,404.7033114165635,True,11,CONVERGENCE: RELATIVE REDUCTION OF F <= FACTR*EPSMCH,1.4670689913421628,-1.8362397271439916,0.055187254010683376,0.8860912896947517,0.23317712626620304,-4.311307368785537,-0.9591548763955229
goz8d3fp9,M3,False,348.38343814655144,True,11,CONVERGENCE: RELATIVE REDUCTION OF F <= FACTR*EPSMCH,0.9539290646366797,-1.3167586159251359,0.7266277590516687,0.8785257052585052,-0.1420984877758177,-3.6773891012856206,-0.9143346412561346
hrqn8w6vu,M3,False,352.3957769281499,True,16,CONVERGENCE: RELATIVE REDUCTION OF F <= FACTR*EPSMCH,1.6373914376202652,2.587302569428284,0.38924951889664816,0.618570026244672,0.18434884171712473,-4.613287859072024,-0.8348745815052646
ig1j8ozi9,M3,False,374.6469755122278,True,1,CONVERGENCE: RELATIVE REDUCTION OF F <= FACTR*EPSMCH,3.5878103815949536,0.41922797838192616,0.025411186997013526,0.7747779423203166,0.1371717262793962,-3.027592222486477,-0.8861261556589841
iogaivfgt,M3,False,381.8190755456644,True,14,CONVERGENCE: RELATIVE REDUCTION OF F <= FACTR*EPSMCH,0.10412828403228788,-1.2132241161174544,0.47000562688377856,1.006393063480639,0.3144528347007483,-3.468910520743118,-1.0403499095549011
ir0t9ca41,M3,False,336.80911945248255,True,7,CONVERGENCE: RELATIVE REDUCTION OF F <= FACTR*EPSMCH,0.31705044963166945,-0.89140940419434,-0.04840610981794253,0.3433689393015607,0.24487719457526783,-2.749436563106986,-0.7057662566667382
jtf46arcd,M3,False,362.24922726108696,True,1,CONVERGENCE: RELATIVE REDUCTION OF F <= FACTR*EPSMCH,3.4692061053857763,-2.2034913548649047,0.37524228687896743,0.4498770453447969,0.5331493664731154,-4.071022694561936,-0.7697166001529742
kimjztxjq,M3,False,429.75874912906835,True,7,CONVERGENCE: RELATIVE REDUCTION OF F <= FACTR*EPSMCH,1.60311078355692,-0.2106525281374096,0.4433309026212537,1.1400864629146592,0.09179045382928301,-3.9400553881621407,-0.9174757729946972
kqi5vqk0e,M3,False,214.6809816535889,True,7,CONVERGENCE: RELATIVE REDUCTION OF F <= FACTR*EPSMCH,4.60517,-0.6731371194547497,1.4193696266540856,-0.24427946676791934,0.6212990467330535,-3.6137586647029005,-0.710354812888982
ljm2sl8s0,M3,False,297.1425901155602,True,19,CONVERGENCE: RELATIVE REDUCTION OF F <= FACTR*EPSMCH,-0.06527802316263683,-0.8954136009001279,1.4235062885581387,0.8097777550991629,-0.02163560806131097,-3.363261552960454,-1.0359413164821252
mu73zwng6,M3,False,357.76585982786486,True,10,CONVERGENCE: RELATIVE REDUCTION OF F <= FACTR*EPSMCH,0.561540985624847,0.7724587975730726,0.034976336876793745,0.4950462552011792,0.20701020591779976,-4.280231582276134,-0.7577661528428463
n08qsd76x,M3,False,322.41795237819395,True,18,CONVERGENCE: RELATIVE REDUCTION OF F <= FACTR*EPSMCH,0.3554447860547587,0.1418920845776816,0.6299874304134335,0.6352213903114593,0.2423996194852085,-3.8075053241812857,-0.9658610360214142
nvbinkqjq,M3,False,348.3166789999332,True,15,CONVERGENCE: RELATIVE REDUCTION OF F <= FACTR*EPSMCH,0.5794901814996495,-0.4669142231536558,0.6070468057096399,0.7525351394076902,0.103118925533502,-3.8732066725124885,-0.9624305257836003
o7piq7dwr,M3,False,186.74454926759105,True,15,CONVERGENCE: RELATIVE REDUCTION OF F <= FACTR*EPSMCH,4.60517,-2.518650987154369,-1.1338043751432052,-0.012614340362879216,0.37664615226766923,-4.543860780917465,-1.0877997000286093
od96gfdym,M3,False,355.10479285637933,True,4,CONVERGENCE: RELATIVE REDUCTION OF F <= FACTR*EPSMCH,3.3186989383591596,-0.8517439355185096,-0.013765245200316141,0.6272608855083592,-0.05903934090513319,-3.8575169758892613,-0.8428538287073406
omy06qkfz,M3,False,115.03496880553615,True,12,CONVERGENCE: RELATIVE REDUCTION OF F <= FACTR*EPSMCH,4.60517,-2.335018303736393,-4.60517,-0.5672853314655585,0.16731760602276421,-4.657727410969297,-1.0620995540765048
orxx7nl6z,M3,False,144.52571450926837,True,13,CONVERGENCE: RELATIVE REDUCTION OF F <= FACTR*EPSMCH,4.60517,-2.7632282712136407,-1.5155202388771627,-0.5525191199347343,0.3049941113086775,-5.0421086674214495,-0.7632494232970277
p5lejwwzi,M3,False,267.493235983508,True,12,CONVERGENCE: RELATIVE REDUCTION OF F <= FACTR*EPSMCH,-0.05593276645751427,0.19470777840397313,-3.037120669206629,0.11285934064972165,-0.31671302017208003,-3.887056078774945,-0.6741688179665398
qhp782ect,M3,False,341.29433816380424,True,14,CONVERGENCE: RELATIVE REDUCTION OF F <= FACTR*EPSMCH,1.2171042733831512,3.5026631459022064,0.03991035689138542,0.53834478990374,0.3404572886320331,-3.3613062790816692,-0.9121714558092989
rncbe0zlg,M3,False,319.4858015351829,True,19,CONVERGENCE: RELATIVE REDUCTION OF F <= FACTR*EPSMCH,-0.10028811974622105,-0.44207338936352913,1.339439026793634,0.6176765847853161,0.13660281870386548,-4.106301081401876,-1.0459434651542066
ru26ufirj,M3,False,435.6524316839769,True,16,CONVERGENCE: RELATIVE REDUCTION OF F <= FACTR*EPSMCH,1.6054031644693378,-1.730747084245157,0.5720392186232113,0.1994724877475693,0.15292519166580779,-2.3139104221864835,-0.06881969266426058
rv0b4sx2y,M3,False,218.35205344276832,True,6,CONVERGENCE: RELATIVE REDUCTION OF F <= FACTR*EPSMCH,1.6615344146941904,2.1514683082015607,0.10443303594901981,0.28507571428715567,-0.21545633874037204,-4.324655603336501,-0.9919717694117735
s4xqtibhr,M3,False,169.89418123261734,True,6,CONVERGENCE: RELATIVE REDUCTION OF F <= FACTR*EPSMCH,0.6442002508171817,0.7275563054489916,-2.764301017429911,-0.6162316054515541,-0.26744572510882897,-2.8400991369328077,-0.40993920369798664
t0p3bj6ne,M3,False,423.77019749438557,True,3,CONVERGENCE: RELATIVE REDUCTION OF F <= FACTR*EPSMCH,-3.5950206313539685,-2.53876168231483,-0.8655037394170373,0.9148946345476091,-0.08896470283451936,-2.8891833261733435,-0.610836396098909
ta33uq804,M3,False,484.31755735925856,True,2,CONVERGENCE: RELATIVE REDUCTION OF F <= FACTR*EPSMCH,1.0768085161927048,-0.4201571598916177,-0.9317351375212972,0.591917484763996,0.17775469694683785,-3.731538753768335,-0.289731711328114
u3yyfob1i,M3,False,246.1570795314292,True,14,CONVERGENCE: RELATIVE REDUCTION OF F <= FACTR*EPSMCH,2.17639396560724,3.8656475217722908,-1.819814456137721,0.38994771085171964,-0.04566609981982631,-3.2005503866253586,-1.206501765445692
uq15yb622,M3,False,378.81528199814505,True,3,CONVERGENCE: RELATIVE REDUCTION OF F <= FACTR*EPSMCH,-0.5734039582172734,0.0604664709060444,0.959469186083112,1.1077047531572843,0.08940414932783307,-3.105895170941683,-1.0140875442084316
vdnjz8uta,M3,False,345.7741856681947,True,13,CONVERGENCE: RELATIVE REDUCTION OF F <= FACTR*EPSMCH,-1.789991949183148,3.251172329403817,0.728912142702629,1.0628222768059146,-0.3592444836005825,-3.405492606377986,-1.0167032145066794
vr0a0xs4k,M3,False,203.16100714886596,True,9,CONVERGENCE: RELATIVE REDUCTION OF F <= FACTR*EPSMCH,4.60517,-2.5103153091630395,-2.1101502622666377,-0.03251902032318763,0.17786759256549228,-4.225135457844483,-1.060994184673279
x71tw2ykd,M3,False,356.48207409302046,True,11,CONVERGENCE: RELATIVE REDUCTION OF F <= FACTR*EPSMCH,-2.7099481206470823,0.1642826944088019,0.280881466938004,0.5198138634067915,0.5354535376665013,-3.8322842803866752,-0.9063355418497823
xh8tt6q04,M3,False,261.31841036602106,True,8,CONVERGENCE: RELATIVE REDUCTION OF F <= FACTR*EPSMCH,-0.9637114474414669,-1.748691611737807,0.9044048519703491,0.5017533004314649,0.3366515023953157,-3.525421004601342,-1.2131240697854107
xq3i744zg,M3,False,319.6656864146453,True,14,CONVERGENCE: RELATIVE REDUCTION OF F <= FACTR*EPSMCH,4.284495936852029,2.34535777884159,-0.6051281229270246,0.17384811390839786,0.11929786089915886,-3.5573927653414845,-0.6253501160114978
yj444yij9,M3,False,329.93816590656655,True,1,CONVERGENCE: RELATIVE REDUCTION OF F <= FACTR*EPSMCH,2.622563180626481,-1.9725192352983745,-0.07807037654564335,0.6552365977529118,-0.0883800417737765,-3.8554350617295943,-0.8985289941694354
