artifact,stage,timestamp_utc,git_commit,config_sha256,raw_data_sha256,processed_data_sha256,data_pipeline_sha256,raw_archive_sha256,raw_source_mode,artifact_sha256,seed,participant,run,condition,model,fit_status,path
processed_trials,prepare_data,2026-08-17T21:00:58.937952+00:00,,9f49ea69bea6665ba15c4370c4225d67c25a1fc52202fe09bd7e20ffa49fe2d0,7f6b760de3f216e6eefd8024c82a5629fad721aadedf5a8a223b6a04f28c1d38,e2bb506ef9bd17c4b8e062646715087a07621486b7af1360eb8ceed5703b1835,d17493a45aec0b158be76cafbee9cac4fdf099a3492c1140a51885cc502e1aaa,,direct_mat,e2bb506ef9bd17c4b8e062646715087a07621486b7af1360eb8ceed5703b1835,,,,,,,data/processed/pd_trials.csv
data_audit,prepare_data,2026-08-17T21:00:58.937952+00:00,,9f49ea69bea6665ba15c4370c4225d67c25a1fc52202fe09bd7e20ffa49fe2d0,7f6b760de3f216e6eefd8024c82a5629fad721aadedf5a8a223b6a04f28c1d38,e2bb506ef9bd17c4b8e062646715087a07621486b7af1360eb8ceed5703b1835,d17493a45aec0b158be76cafbee9cac4fdf099a3492c1140a51885cc502e1aaa,,direct_mat,cd0e27d57ef5f9ab76cc39dd9a5e0e5efb9b96630c40fa59cc575eb5594bce20,,,,,,passed,data/processed/data_audit.json
processed_trials,prepare_data,2026-08-17T21:47:29.856588+00:00,,9f49ea69bea6665ba15c4370c4225d67c25a1fc52202fe09bd7e20ffa49fe2d0,7f6b760de3f216e6eefd8024c82a5629fad721aadedf5a8a223b6a04f28c1d38,e2bb506ef9bd17c4b8e062646715087a07621486b7af1360eb8ceed5703b1835,760dbdcb3f37cc780caf5cac0f2816070d099beca3c9c6640fa82892e85f1343,,direct_mat,e2bb506ef9bd17c4b8e062646715087a07621486b7af1360eb8ceed5703b1835,,,,,,,data/processed/pd_trials.csv
data_audit,prepare_data,2026-08-17T21:47:29.856588+00:00,,9f49ea69bea6665ba15c4370c4225d67c25a1fc52202fe09bd7e20ffa49fe2d0,7f6b760de3f216e6eefd8024c82a5629fad721aadedf5a8a223b6a04f28c1d38,e2bb506ef9bd17c4b8e062646715087a07621486b7af1360eb8ceed5703b1835,760dbdcb3f37cc780caf5cac0f2816070d099beca3c9c6640fa82892e85f1343,,direct_mat,c7bbe14cbab9fda887610000822088d344a7037275cf80c013aff35ba61d537b,,,,,,passed,data/processed/data_audit.json
processed_trials,prepare_data,2026-08-17T22:12:44.219847+00:00,,2b171995d7ba6736f44f922371a8192b0631c5e513bcdf34cd7b5a6b4f5a8f6a,7f6b760de3f216e6eefd8024c82a5629fad721aadedf5a8a223b6a04f28c1d38,e2bb506ef9bd17c4b8e062646715087a07621486b7af1360eb8ceed5703b1835,ad8b23c6b44ff33f2658dca31d7f9a47e68d03d6357923897b151780dfa0808e,,direct_mat,e2bb506ef9bd17c4b8e062646715087a07621486b7af1360eb8ceed5703b1835,,,,,,,data/processed/pd_trials.csv
data_audit,prepare_data,2026-08-17T22:12:44.219847+00:00,,2b171995d7ba6736f44f922371a8192b0631c5e513bcdf34cd7b5a6b4f5a8f6a,7f6b760de3f216e6eefd8024c82a5629fad721aadedf5a8a223b6a04f28c1d38,e2bb506ef9bd17c4b8e062646715087a07621486b7af1360eb8ceed5703b1835,ad8b23c6b44ff33f2658dca31d7f9a47e68d03d6357923897b151780dfa0808e,,direct_mat,1bc0b7872aa8813f8a92c9f3abede6457ec8b10b0d50bef367c4080979f0389d,,,,,,passed,data/processed/data_audit.json
processed_trials,prepare_data,2026-08-20T18:46:31.143638+00:00,,9c6a70fe945cecdf08e25aaec2217259df4d3eb77eb5823cb1610cb322c8d4ae,7f6b760de3f216e6eefd8024c82a5629fad721aadedf5a8a223b6a04f28c1d38,e2bb506ef9bd17c4b8e062646715087a07621486b7af1360eb8ceed5703b1835,f71efda674188b9ec8628b61a0f2b64271849bb4c5f54ae6d6e3b0c20002333f,,direct_mat,e2bb506ef9bd17c4b8e062646715087a07621486b7af1360eb8ceed5703b1835,,,,,,,data/processed/pd_trials.csv
data_audit,prepare_data,2026-08-20T18:46:31.143638+00:00,,9c6a70fe945cecdf08e25aaec2217259df4d3eb77eb5823cb1610cb322c8d4ae,7f6b760de3f216e6eefd8024c82a5629fad721aadedf5a8a223b6a04f28c1d38,e2bb506ef9bd17c4b8e062646715087a07621486b7af1360eb8ceed5703b1835,f71efda674188b9ec8628b61a0f2b64271849bb4c5f54ae6d6e3b0c20002333f,,direct_mat,f7ab893e4dd18d725d32da46d26163f07792317b1c4ac0922c457ed6ebb92b62,,,,,,passed,data/processed/data_audit.json
run_a_fits,fit_run_a,2026-08-20T18:54:14.493815+00:00,71aa972db3202b878f1753acf952ef79da923129,9c6a70fe945cecdf08e25aaec2217259df4d3eb77eb5823cb1610cb322c8d4ae,7f6b760de3f216e6eefd8024c82a5629fad721aadedf5a8a223b6a04f28c1d38,e2bb506ef9bd17c4b8e062646715087a07621486b7af1360eb8ceed5703b1835,f71efda674188b9ec8628b61a0f2b64271849bb4c5f54ae6d6e3b0c20002333f,,direct_mat,b70d561ed21117106af814126293eea6ee6473d072e6e08170d8feb6827a575b,,,A,,,passed,results/run_a_fits.csv
run_a_optimizer_starts,fit_run_a,2026-08-20T18:54:14.493815+00:00,71aa972db3202b878f1753acf952ef79da923129,9c6a70fe945cecdf08e25aaec2217259df4d3eb77eb5823cb1610cb322c8d4ae,7f6b760de3f216e6eefd8024c82a5629fad721aadedf5a8a223b6a04f28c1d38,e2bb506ef9bd17c4b8e062646715087a07621486b7af1360eb8ceed5703b1835,f71efda674188b9ec8628b61a0f2b64271849bb4c5f54ae6d6e3b0c20002333f,,direct_mat,7993c31359fa20161de9973ba7aa678b8cc73b8070a7ba4235a34edc803e7a13,,,A,,,,results/run_a_optimizer_starts.csv
run_a_completion_receipt,fit_run_a,2026-08-20T18:54:14.493815+00:00,71aa972db3202b878f1753acf952ef79da923129,9c6a70fe945cecdf08e25aaec2217259df4d3eb77eb5823cb1610cb322c8d4ae,7f6b760de3f216e6eefd8024c82a5629fad721aadedf5a8a223b6a04f28c1d38,e2bb506ef9bd17c4b8e062646715087a07621486b7af1360eb8ceed5703b1835,f71efda674188b9ec8628b61a0f2b64271849bb4c5f54ae6d6e3b0c20002333f,,direct_mat,01cbcda836d69bfc5e2475fb317721def53cb58e691e2053d8dc76b149f77d3a,,,A,,,passed,results/run_a_completion.json
recovery_fit_results,formal_recovery,2026-08-21T04:02:25.342663+00:00,eedb10fad34baaa9164db758a886f99304358357,bba8443b4a8fffb74004b69030fd669b6ad5f3032c209d06aa7642e6eacd14a0,7f6b760de3f216e6eefd8024c82a5629fad721aadedf5a8a223b6a04f28c1d38,e2bb506ef9bd17c4b8e062646715087a07621486b7af1360eb8ceed5703b1835,f71efda674188b9ec8628b61a0f2b64271849bb4c5f54ae6d6e3b0c20002333f,,direct_mat,b8b9127cfe6e1e26970279d2c733ad93d4e6528074c863e7bdab8313658db721,,,,,,completed,results/recovery/fit_results.csv
recovery_model_recovery_confusion,formal_recovery,2026-08-21T04:02:25.342663+00:00,eedb10fad34baaa9164db758a886f99304358357,bba8443b4a8fffb74004b69030fd669b6ad5f3032c209d06aa7642e6eacd14a0,7f6b760de3f216e6eefd8024c82a5629fad721aadedf5a8a223b6a04f28c1d38,e2bb506ef9bd17c4b8e062646715087a07621486b7af1360eb8ceed5703b1835,f71efda674188b9ec8628b61a0f2b64271849bb4c5f54ae6d6e3b0c20002333f,,direct_mat,c9ae4c665c00a795cbfef7fb2bcc35a86b04f1a6dc78b32a93f58704a4727f97,,,,,,completed,results/recovery/model_recovery_confusion.csv
recovery_parameter_recovery_metrics,formal_recovery,2026-08-21T04:02:25.342663+00:00,eedb10fad34baaa9164db758a886f99304358357,bba8443b4a8fffb74004b69030fd669b6ad5f3032c209d06aa7642e6eacd14a0,7f6b760de3f216e6eefd8024c82a5629fad721aadedf5a8a223b6a04f28c1d38,e2bb506ef9bd17c4b8e062646715087a07621486b7af1360eb8ceed5703b1835,f71efda674188b9ec8628b61a0f2b64271849bb4c5f54ae6d6e3b0c20002333f,,direct_mat,07cb2549aa2adfff765a6a1d639e73eceb13849f2ed2eed0afaf5c5c4fcd3f97,,,,,,completed,results/recovery/parameter_recovery_metrics.csv
recovery_receipt,formal_recovery,2026-08-21T04:02:25.342663+00:00,eedb10fad34baaa9164db758a886f99304358357,bba8443b4a8fffb74004b69030fd669b6ad5f3032c209d06aa7642e6eacd14a0,7f6b760de3f216e6eefd8024c82a5629fad721aadedf5a8a223b6a04f28c1d38,e2bb506ef9bd17c4b8e062646715087a07621486b7af1360eb8ceed5703b1835,f71efda674188b9ec8628b61a0f2b64271849bb4c5f54ae6d6e3b0c20002333f,,direct_mat,a7e0c29cd73e95bc3b7893cf23440c655245a2a4f1f928a6f0e50e6a37f1c6c4,,,,,,completed,results/recovery/receipt.json
recovery_replicate_seeds,formal_recovery,2026-08-21T04:02:25.342663+00:00,eedb10fad34baaa9164db758a886f99304358357,bba8443b4a8fffb74004b69030fd669b6ad5f3032c209d06aa7642e6eacd14a0,7f6b760de3f216e6eefd8024c82a5629fad721aadedf5a8a223b6a04f28c1d38,e2bb506ef9bd17c4b8e062646715087a07621486b7af1360eb8ceed5703b1835,f71efda674188b9ec8628b61a0f2b64271849bb4c5f54ae6d6e3b0c20002333f,,direct_mat,7460b37b890cbc97171cff258d78b3d3de9f5a118443494bde55784faea32e25,,,,,,completed,results/recovery/replicate_seeds.csv
recovery_run_b_model_scores,formal_recovery,2026-08-21T04:02:25.342663+00:00,eedb10fad34baaa9164db758a886f99304358357,bba8443b4a8fffb74004b69030fd669b6ad5f3032c209d06aa7642e6eacd14a0,7f6b760de3f216e6eefd8024c82a5629fad721aadedf5a8a223b6a04f28c1d38,e2bb506ef9bd17c4b8e062646715087a07621486b7af1360eb8ceed5703b1835,f71efda674188b9ec8628b61a0f2b64271849bb4c5f54ae6d6e3b0c20002333f,,direct_mat,29d27f6ae9603baa65d79c46024ca1210e3063463880315a243f7eae2c42d5ae,,,,,,completed,results/recovery/run_b_model_scores.csv
recovery_runtime,formal_recovery,2026-08-21T04:02:25.342663+00:00,eedb10fad34baaa9164db758a886f99304358357,bba8443b4a8fffb74004b69030fd669b6ad5f3032c209d06aa7642e6eacd14a0,7f6b760de3f216e6eefd8024c82a5629fad721aadedf5a8a223b6a04f28c1d38,e2bb506ef9bd17c4b8e062646715087a07621486b7af1360eb8ceed5703b1835,f71efda674188b9ec8628b61a0f2b64271849bb4c5f54ae6d6e3b0c20002333f,,direct_mat,c5cd392504de4be500ccf9e75d03a1543455b580965cde5c665eb53e33cf1161,,,,,,completed,results/recovery/runtime.json
recovery_support_shift_summary,formal_recovery,2026-08-21T04:02:25.342663+00:00,eedb10fad34baaa9164db758a886f99304358357,bba8443b4a8fffb74004b69030fd669b6ad5f3032c209d06aa7642e6eacd14a0,7f6b760de3f216e6eefd8024c82a5629fad721aadedf5a8a223b6a04f28c1d38,e2bb506ef9bd17c4b8e062646715087a07621486b7af1360eb8ceed5703b1835,f71efda674188b9ec8628b61a0f2b64271849bb4c5f54ae6d6e3b0c20002333f,,direct_mat,aeb2897e8c7ac816332eba0d1b3054e915e5b797f7981514a77330efc59cbf21,,,,,,completed,results/recovery/support_shift_summary.csv
recovery_true_parameters,formal_recovery,2026-08-21T04:02:25.342663+00:00,eedb10fad34baaa9164db758a886f99304358357,bba8443b4a8fffb74004b69030fd669b6ad5f3032c209d06aa7642e6eacd14a0,7f6b760de3f216e6eefd8024c82a5629fad721aadedf5a8a223b6a04f28c1d38,e2bb506ef9bd17c4b8e062646715087a07621486b7af1360eb8ceed5703b1835,f71efda674188b9ec8628b61a0f2b64271849bb4c5f54ae6d6e3b0c20002333f,,direct_mat,45ddf97ecc486bb11eb43066991ba21c766d3f1e258a016e49e3e02f29b3df4b,,,,,,completed,results/recovery/true_parameters.csv
